Pallak,Singh,4/5/2019,3,9/5/2019,agafgsf,2351235
Manik,Kumar,4/5/2019,4,3/7/2019,tyerw,2351afg
Nancy,Pawar,23/5/2019,5,2/7/2019,ghdfd,4571863
John,Smith,12/5/2019,6,9/4/2019,djhsuc,98836193
Ayush,Escobar,17/5/2019,7,3/6/2018,hkjfdgs,653435
Anika,Coulson,17/5/2019,8,8/5/2019,mfjdnbcg,5842648
Anayah,Long,13/12/2018,9,2/3/2019,jfdgs,583634
Dillion,Pain,17/2/2019,10,13/4/2019,jgidbd,867463
Vivek,Dixit,12/5/2019,11,9/6/2019,bncksdf,85938261
Conah,Jones,4/12/2017,12,3/2/2019,pmjueud,997858440
Squishy,pie,3/3/2019,13,09/12/2019,asdkgda,328562
SQKEWKY,aga,3/4/2019,14,09/12/2019,adsgakh,235234
asdfghk,akdgjbka,5/3/2019,15,09/12/2019,asdga,54334
kumkum,dddka,3/3/2019,16,09/12/2019,asgasg,235235
Pallu,subfh,3/3/2019,17,09/12/2019,asjhvdafj,2397291395
artuoq,soruho,3/3/2019,18,09/12/2019,asdhgf,34818
DJDIS,SKSK,21/2/2018,30,09/12/2019,dsjdd,djdioo
ahewta,asiygii,3/3/2018,31,09/12/2019,sahgk,2357923
